efap_id,program_name,access_type,has_pantry_access,has_kitchen_access,weekday_available,weekend_available
80604,HOLY APOSTLES SOUP KITCHEN ,Kitchen,0,1,1,0
85547,HOLY APOSTLES SOUP KITCHEN PANTRY ,Pantry,1,0,1,0
80757,ST. JOHN'S BREAD OF LIFE ,Pantry,1,0,1,0
85701,ARTISTS ATHLETES ACTIVISTS INCORPORATED ,Pantry,1,0,1,0
80546,DEWITT REFORMED CHURCH ,Pantry,1,0,0,1
85706,MANHATTAN DOWNTOWN MULTI-CULTURAL FOOD PANTRY ,Pantry,1,0,1,0
80683,OUR LADY OF SORROWS ,Pantry,1,0,1,0
85666,UA3 COMMUNITY FIRST FOOD PANTRY,Pantry,1,0,1,0
85481,VISION URBANA ,Pantry,1,0,1,0
85450, LILLIAN WALD FOOD PANTRY ,Pantry + Kitchen,1,1,1,0
85310,NAZARETH HOUSING INC ,Pantry,1,0,1,0
87046,THE CRW COMMUNITY FOOD PANTRY ,Pantry,1,0,1,0
85649,THE LOWER EASTSIDE GIRLS CLUB ,Pantry,1,0,1,0
80813,"TRINITY'S SERVICES AND FOOD FOR THE HOMELESS, INC. ",Pantry,1,0,1,0
80814,"TRINITY'S SERVICES AND FOOD FOR THE HOMELESS, INC. ",Kitchen,0,1,1,0
80832,"UNIVERSITY COMMUNITY SOCIAL SERVICES, INC ",Kitchen,0,1,0,1
80520,"ASCENSION OUTREACH, INC ",Pantry,1,0,0,1
80577,ST. PETER'S FOOD PANTRY ,Pantry,1,0,0,1
81917,THE RED DOOR PLACE ,Pantry,1,0,1,0
85261,THE RED DOOR PLACE ,Kitchen,0,1,0,1
81297,THE SALVATION ARMY NEW YORK TEMPLE ,Kitchen,0,1,1,0
80720,THE SALVATION ARMY NEW YORK TEMPLE CORPS ,Pantry,1,0,1,0
80750,XAVIER MISSION INC ,Kitchen,0,1,0,1
82997,THE DOOR'S FOOD & NUTRITION PROGRAM ,Pantry,1,0,1,0
84309,THE DOOR'S FOOD & NUTRITION PROGRAM ,Kitchen,0,1,1,0
82798,GRAND CENTRAL NEIGHBORHOOD SOCIAL SERVICE CORP. ,Kitchen,0,1,1,1
84328,GRAND CENTRAL NEIGHBORHOOD SOCIAL SERVICES CORPORATION ,Pantry,1,0,1,0
81501,AGAY MEN'S HEALTH CRISIS ,Pantry,1,0,1,0
80649,MCCNY CHARITIES ,Pantry,1,0,1,0
81169,RAUSCHENBUSCH METRO MINISTRIES INC. ,Pantry,1,0,0,1
80781,ST. PAUL'S HOUSE INC. ,Pantry,1,0,1,0
80782,ST. PAUL'S HOUSE INC. ,Kitchen,0,1,1,0
81451, COALITION FOR THE HOMELESS ,Kitchen,0,1,1,1
80739,CROSSROADS COMMUNITY SERVICES INC ,Pantry,1,0,1,0
80740,CROSSROADS COMMUNITY SERVICES INC ,Kitchen,0,1,0,1
81119,NATIONAL COUNCIL OF JEWISH WOMEN ,Pantry,1,0,1,0
80730,NATIONAL COUNCIL OF JEWISH WOMEN ,Kitchen,0,1,1,1
81249, CONGREGATION B'NAI JESHURUN ,Kitchen,0,1,1,0
80752,ST. IGNATIUS EPISCOPAL CHURCH ,Kitchen,0,1,1,1
80846,WESTSIDE CAMPAIGN AGAINST HUNGER ,Pantry,1,0,1,0
81546,ADVENT LUTHERAN CHURCH ,Pantry,1,0,0,1
81523,ADVENT LUTHERAN CHURCH ,Kitchen,0,1,0,1
82861,BROADWAY COMMUNITY ,Pantry,1,0,1,0
81251,BROADWAY COMMUNITY ,Kitchen,0,1,1,0
81067,CATHEDRAL COMMUNITY CARES ,Pantry,1,0,1,0
80801,CATHEDRAL OF ST. JOHN THE DIVINE ,Kitchen,0,1,0,1
80543,COMMUNITY IMPACT ,Pantry,1,0,1,0
81120,SOUP KITCHEN/COMMUNITY LUNCH ,Kitchen,0,1,1,0
83311,SOUTHERN BAPTIST CHURCH ,Kitchen,0,1,1,0
85116,ST. MICHAEL'S CHURCH ,Kitchen,0,1,0,1
84451,FOOD BANK FOR NEW YORK CITY ,Pantry,1,0,1,1
80474,FOOD BANK FOR NEW YORK CITY ,Kitchen,0,1,1,0
85780,FREE FOOD HARLEM ,Kitchen,0,1,1,0
80699,PROJECT CREATE - ANTHONY HOUSE ,Pantry,1,0,1,0
81727,AFRICAN SERVICES COMMITTEE ,Pantry,1,0,1,0
85156,ANTIOCH OUTREACH MINISTRIES ,Pantry,1,0,0,1
80519,CHURCH OF THE ANNUNCIATION ,Pantry,1,0,1,0
84157,HARLEM DOWLING WEST SIDE CENTER/SPECIALIZED SERVICES ,Pantry,1,0,1,0
83699,MT. OLIVET BAPTIST CHURCH COMMUNITY MEAL PROGRAM ,Pantry,1,0,1,0
80712,RIVERSIDE CHURCH FOOD PANTRY ,Pantry,1,0,1,0
80667,ANOTHER CHOICE YOUTH AND FAMILY OUTREACH INC ,Pantry,1,0,1,1
80627,LITTLE SISTERS OF THE ASSUMPTION FAMILY HEALTH SERVICE ,Pantry,1,0,1,0
83923,MACEDONIA CH. ASSEMBLY OF GOD-BREAD OF LIFE FOOD PANTRY ,Pantry,1,0,1,0
80861,NEW YORK COMMON PANTRY ,Pantry,1,0,1,1
80862,NEW YORK COMMON PANTRY ,Kitchen,0,1,1,0
80744,ST. CECILIA'S PARISH SERVICES ,Pantry,1,0,1,0
85088,IRIS HOUSE ,Pantry,1,0,1,0
81977,IRIS HOUSE ,Kitchen,0,1,1,0
85740,SAGE CENTER HARLEM ,Pantry,1,0,1,0
80745,ST. CHARLES BORROMEO CHURCH ,Pantry,1,0,0,1
85319,"WEST HARLEM GROUP ASSISTANCE, INC ",Pantry,1,0,1,0
85596,ZEINA LORRAINE INC ,Pantry,1,0,1,0
80541,CONVENT AVENUE BAPTIST CHURCH ,Pantry,1,0,1,0
85473,FAMILY INTEGRATION MINISTRY FOOD PANTRY ,Pantry,1,0,1,0
81309,UPPER MANHATTAN MENTAL HEALTH CENTER ,Pantry,1,0,1,0
85358, CITY HARVEST MOBILE MARKET - PRINCE HALL ,Pantry,1,0,1,1
81071,COMMUNITY LEAGUE OF THE HEIGHTS ,Pantry,1,0,1,1
80841,CATHOLIC CHARITIES WASHINGTON HEIGHTS FOOD PANTRY ,Pantry,1,0,1,0
81608,INTERNATIONAL PENTECOSTAL CHURCH ,Pantry,1,0,1,0
80618, JEWISH COMMUNITY COUNCIL OF WASHINGTON HGTS ,Pantry + Kitchen,1,1,1,0
85811,BOROUGH COMMUNITY ACTION NETWORK INWOOD ,Pantry,1,0,1,0
84193,CABRINI IMMIGRANT SERVICES OF NEW YORK CITY INC ,Pantry,1,0,0,1
85357, CITY HARVEST MOBILE MARKET - DYCKMAN HOUSES ,Pantry,1,0,1,1
81206,NEW YORK CITY LOVE KITCHEN INC ,Kitchen,0,1,1,0
84349,"WORLDWIDE MISSIONARY MOVEMENT/CENTRO EVANGELISTICO MMM, INC ",Pantry,1,0,0,1
81353,BETH HARK CHRISTIAN COUNSELING CENTER ,Pantry,1,0,1,0
84088,BETH HARK CHRISTIAN COUNSELING CENTER ,Kitchen,0,1,1,0
81641,CHAMBERS MEMORIAL BAPTIST CHURCH/LOVE OFFERING ,Pantry,1,0,1,0
81589,FRATERNITE NOTRE DAME ,Kitchen,0,1,1,0
81980,"FRATERNITE NOTRE DAME, INC ",Pantry,1,0,1,0
84245,FRIENDLY HANDS MINISTRY INC ,Pantry,1,0,1,0
80721,THE SALVATION ARMY MANHATTAN CITADEL ,Pantry,1,0,1,0
81507,ST. CLEMENTS FOOD PANTRY ,Pantry,1,0,1,1
82212,BETHEL AME CHURCH ,Pantry,1,0,1,0
83883,CCCS - KENNEDY CENTER FOOD PANTRY ,Pantry,1,0,1,0
80764,ST. MARK THE EVANGELIST CHURCH ,Pantry,1,0,0,1
85812,BOROUGH COMMUNITY ACTION NETWORK HARLEM  ,Pantry,1,0,1,0
81612,FATHER CREAVIN'S FOOD PANTRY ,Pantry,1,0,1,0
85602,ROOSEVELT ISLAND DISABLE ASSOCIATION (RIDA),Pantry,1,0,1,0
80518,CHRIST CHURCH UNITED METHODIST ,Kitchen,0,1,0,1
80800,TEMPLE SHAARAY TEFILA ,Kitchen,0,1,1,0
87208,ISAACS HOLMES FOOD PANTRY ,Pantry,1,0,1,0
84540,THE URBAN OUTREACH CENTER OF NYC ,Pantry,1,0,1,0
81622,THE URBAN OUTREACH CENTER OF NYC ,Kitchen,0,1,1,0
85730,BAIT-UL JAMAAT-HOUSE COMMUNITY INC ,Pantry,1,0,1,0
85449,SKYLIGHT CENTER ,Pantry,1,0,1,0
84770,COMMUNITY HEALTH ACTION OF STATEN ISLAND ,Pantry,1,0,0,0
85454,REACH OUT AND TOUCH FOOD PANTRY ,Pantry,1,0,0,1
85380,CHRIST ABUNDANT LIFE MINISTRIES ,Pantry,1,0,1,0
81559,CHRISTIAN PENTECOSTAL CHURCH ,Pantry,1,0,1,0
85356, CITY HARVEST - STAPLETON MOBILE MARKET ,Pantry,1,0,1,1
81046,FEEDING WITH TLC INC ,Pantry,1,0,0,1
81047,FEEDING WITH TLC INC SOUP KITCHEN ,Kitchen,0,1,0,1
83656,OUR LADY OF GOOD COUNSEL CHURCH ,Pantry,1,0,0,1
81033,"PROJECT HOSPITALITY, INC. ",Pantry,1,0,1,0
81034,"PROJECT HOSPITALITY, INC. ",Kitchen,0,1,1,0
82139,STAPLETON U.A.M.E. CHURCH ,Pantry,1,0,1,0
81360,STAPLETON U.A.M.E. CHURCH ,Kitchen,0,1,1,0
81039,THE SALVATION ARMY STAPLETON CORPS ,Pantry,1,0,1,0
81040,THE SALVATION ARMY STAPLETON CORPS ,Kitchen,0,1,1,0
85326,"UNITED CHURCH OF PRAISE INTERNATIONAL MINISTRIES, INC ",Pantry,1,0,1,1
85752,HEALTH ESSENTIAL ASSOCIATION INC ,Pantry,1,0,1,0
81028, MESIVTHA OF STATEN ISLAND ,Pantry + Kitchen,1,1,1,0
87357,ST. EDWARD FOOD PANTRY ,Pantry,1,0,1,0
85486,CALVARY ASSEMBLY OF GOD ,Pantry,1,0,1,0
83197, JEWISH COMMUNITY CENTER OF STATEN ISLAND ,Pantry + Kitchen,1,1,1,0
81597,ABOOM! HEALTH ,Pantry,1,0,1,0
85353, CITY HARVEST - MELROSE MOBILE MARKET ,Pantry,1,0,1,1
80137,THE SALVATION ARMY BRONX CITADEL ,Pantry,1,0,1,0
81048,THE SALVATION ARMY BRONX CITADEL ,Kitchen,0,1,1,0
81113,GRAND CONCOURSE SEVENTH DAY ADVENTIST CHURCH ,Pantry,1,0,1,0
84086,AMOMENTUM PROJECT @ CHURCH OF THE GOD OF PROPHECY ,Pantry,1,0,1,0
87090,MOSAIC BEACON COMMUNITY CENTER ,Pantry,1,0,1,0
85788,NEW COVENANT COMMUNITY CORP FP ,Pantry,1,0,1,0
85056, THE COMMUNITY FOOD PANTRY ,Pantry,1,0,1,1
84438,WHEDCO - FOOD PANTRY ,Pantry,1,0,1,0
85011,WOODYCREST UNITED METHODIST CHURCH ,Kitchen,0,1,1,0
85786,CALVARY UNITED METHODIST CHURCH FOOD PANTRY ,Pantry,1,0,1,0
87062,DAVIDSON COMMUNITY CENTER INC ,Pantry,1,0,1,0
85713, MUNA SOCIAL SERVICE BAITUL ISLAM MASJID ,Pantry,1,0,1,0
81316,ST. EDMUNDS YOUTH PROGRAM INC ,Pantry,1,0,1,0
81061,"ABRAHAM HOUSE, INC ",Pantry,1,0,0,1
80149,ST. ANN'S CHURCH OF MORRISANIA ,Pantry,1,0,1,0
80150,ST. ANN'S CHURCH OF MORRISANIA ,Kitchen,0,1,0,1
82756,ST. JEROME H.A.N.D.S. COMMUNITY CENTER ,Pantry,1,0,1,0
80159,ST. LUKES FOOD PANTRY ,Pantry,1,0,1,0
80029,BRONX TEMPLE SEVENTH DAY ADVENTIST CHURCH ,Pantry,1,0,1,0
82750,CCCS BRONX FOOD PANTRY ,Pantry,1,0,1,0
85355, CITY HARVEST - ST. MARY'S MOBILE MARKET ,Pantry,1,0,1,1
82096,GIVE THEM TO EAT ,Pantry,1,0,1,0
80182,"UNITED BRONX PARENTS, INC. ",Pantry,1,0,1,0
81319," UNITED BRONX PARENTS, INC. ",Kitchen,0,1,1,0
81582,"WAY OUT CHURCH MINISTRIES, INC ",Pantry,1,0,1,0
85729,ADMIRABLE CHRIST MINISTRIES FOOD PANTRY ,Pantry,1,0,1,0
85818,CARING SHEPERD SUPPLIES MINISTRIES INC ,Pantry,1,0,1,0
80081,HOLY TABERNACLE CHURCH INC. ,Pantry,1,0,1,0
80082,HOLY TABERNACLE CHURCH INC. ,Kitchen,0,1,1,0
85285,INSPIRATIONAL GOSPEL ASSEMBLY ,Pantry,1,0,0,1
84319,"MANNA OF LIFE MINISTRIES, INC ",Pantry,1,0,1,1
84177,"MANNA OF LIFE MINISTRIES, INC ",Kitchen,0,1,0,1
84953,MORRISANIA REVITALIZATION CORP INC ,Pantry,1,0,1,0
84268,NEW COVENANT COMMUNITY DEVELOPMENT CORP ,Pantry,1,0,1,0
85294,REDEEMED CHRISTIAN CHURCH OF GOD ,Pantry,1,0,1,0
80015,THE BIBLE CHURCH OF CHRIST ,Pantry,1,0,1,1
84129,VINEYARD INTERNATIONAL CHRISTIAN MINISTRIES ,Pantry,1,0,0,1
85031,"WORLD RESTORATION CENTER, INC ",Pantry,1,0,0,1
85545,ASH-SHIFAA INC FP ,Pantry,1,0,1,0
80026,BRONX SEVENTH DAY ADVENTIST CHURCH ,Pantry,1,0,1,0
85785,MORNING STAR FULL GOSPEL ASSEMBLY ,Pantry,1,0,1,0
85718,REVELACION DIVINA FOOD PANTRY  ,Pantry,1,0,1,0
85748,SAGE CENTER BRONX ,Pantry,1,0,1,0
85741,ST. SIMON STOCK FOOD PANTRY ,Pantry,1,0,1,0
85594,THE GAMBIAN YOUTH ORGANIZATION FOOD PANTRY ,Pantry,1,0,0,1
83550,PART OF THE SOLUTION ,Pantry,1,0,1,1
80121,PART OF THE SOLUTION ,Kitchen,0,1,1,0
81637,THORPE FAMILY RESIDENCE ,Pantry,1,0,1,0
85560,GIVE BY GRACE WHAT BY GRACE YOU HAVE RECEIVED INC ,Pantry,1,0,1,0
83465,LOYAL BAPTIST CHURCH ,Kitchen,0,1,1,0
85387,NEW YORK COMMON PANTRY - BRONX ,Pantry,1,0,1,1
85186,PATHHSEO INC ,Kitchen,0,1,0,1
82716,RESURRECTION AND LIFE PENTECOSTAL CHURCH ,Pantry,1,0,1,1
82210,SPANISH SEVENTH DAY ADVENTIST CHURCH FOOD PANTRY ,Pantry,1,0,1,0
84034,ST. ANN'S CORNER OF HARM REDUCTION ,Kitchen,0,1,0,0
80174,THESSALONIA BAPTIST CHURCH ,Pantry,1,0,1,0
85027,WORD OF LIFE CHRISTIAN FELLOWSHIP ,Pantry,1,0,0,1
80065,GETHSEMANE BAPTIST CHURCH ,Pantry,1,0,1,0
81436,GRACE EPISCOPAL CHURCH ,Kitchen,0,1,0,1
81435,GRACE EPISCOPAL CHURCH ,Pantry,1,0,1,0
81511,ST. ANTHONY'S CHURCH ,Kitchen,0,1,0,1
80167,ST. THOMAS AQUINAS FOOD PANTRY ,Pantry,1,0,1,0
85283,UNION GROVE BAPTIST CHURCH ,Pantry,1,0,1,0
85803,GURU SEVA HIDU MILAN MANDIR CULTURAL GROUP ,Pantry,1,0,0,1
85174,ST. PETER'S LOVE PANTRY ,Pantry,1,0,1,0
80086, JEWISH COMMUNITY COUNCIL OF PELHAM PARKWAY ,Pantry + Kitchen,1,1,1,0
85709, MUNA SOCIAL SERVICE PARKCHESTER ISLAMIC CENTER ,Pantry,1,0,1,0
85565,PARKCHESTER BAPTIST CHURCH ,Pantry,1,0,1,0
85792,ROMAN CATHOLIC CHURCH OF ST. HELENA ,Pantry,1,0,1,0
80162,ST. PAUL'S LUTHERAN CHURCH ,Pantry,1,0,1,0
85574,THE KINGSBRIDGE HEIGHTS COMMUNITY CENTER INC ,Pantry,1,0,1,0
85109,BRONX BETHANY COMMUNITY CORPORATION ,Pantry,1,0,1,0
85505,JAMAICA BENEVOLENT ARM & CULTURAL CENTER ,Pantry,1,0,0,1
85736,"JESUS RECONCILIATION MINISTRIES, INC ",Pantry,1,0,0,1
83678,MOUNT PISGAH BAPTIST CHURCH ,Pantry,1,0,0,1
85329,"UNITED YES WE CAN, UNIDOS SISE PUEDE, INC ",Pantry,1,0,0,1
85225,CHRIST DISCIPLES INTERNATIONAL MINISTRIES ,Pantry,1,0,1,1
85796,FOOD AND NUTRITION SERVICES PROGRAM ,Pantry,1,0,1,0
85499,MOSHOLU MONTEFIORE COMMUNITY CENTER FP ,Pantry,1,0,1,0
85480,ST. BRENDAN & ST. ANN PARISH ,Pantry,1,0,0,1
80175,CHURCH OF ST. NICHOLAS OF TOLENTINE ,Pantry,1,0,1,0
81347,"CRESTON AVENUE BAPTIST CHURCH OF CHRIST, INC ",Kitchen,0,1,0,1
81348,"CRESTON AVENUE BAPTIST CHURCH, INC ",Pantry,1,0,1,0
84228,HEAVENLY VISION CHRISTIAN CENTER ,Pantry,1,0,1,0
85300,"POWER PRAISE AND DELIVERANCE, INC ",Pantry,1,0,1,0
85737,ST. JAMES PLACE ,Pantry,1,0,0,1
85455,ABUNDANT GRACE FOR THE FORSAKEN FOOD PANTRY ,Pantry,1,0,0,1
85703,CHURCH OF GOD OF BRONXWOOD AVENUE ,Pantry,1,0,1,1
85805,EASTCHESTER PRESBYTERIAN CHURCH ,Pantry,1,0,0,1
81315,EASTCHESTER PRESBYTERIAN CHURCH ,Kitchen,0,1,1,0
85533,GOOD NEIGHBOR COMMUNITY OUTREACH AGENCY INC ,Pantry,1,0,1,0
85719, ICNA RELIEF BURKE AVENUE BRONX PANTRY ,Pantry,1,0,0,1
82781,NORTH BRONX SEVENTH DAY ADVENTIST CHURCH ,Pantry,1,0,1,0
85317,BREAD OF LIFE FOOD PANTRY ,Pantry,1,0,0,1
85482,CHURCH OF THE ATONEMENT FOOD PANTRY ,Pantry,1,0,0,1
85003,EMANUEL PENTECOSTAL FAITH CHURCH ,Pantry,1,0,1,0
85765,"DISCIPLES OF GALILEE, INC ",Pantry,1,0,1,0
81145,FELLOWSHIP COVENANT CHURCH ,Pantry,1,0,1,0
85699,GRACE & PEACE FOOD BANK ,Pantry,1,0,0,1
85600,LT WORKS FOOD PANTRY ,Pantry,1,0,1,0
83382,SHOUT FOR JOY BAPTIST CHURCH INC ,Pantry,1,0,0,1
82315,SPANISH SOUNDVIEW SEVENTH DAY ADVENTIST CHURCH ,Pantry,1,0,1,0
85795,CHAPEL OF THE GREAT RESTORER FOOD PANTRY ,Pantry,1,0,0,1
85472,PRODIGAL CENTER ,Pantry,1,0,1,0
80085,BLACK FORUM OF CO-OP CITY ,Pantry,1,0,1,0
85307,COOP CITY SDA CHURCH FOOD PANTRY ,Pantry,1,0,1,0
87007,CENTER OF HOPE INTERNATIONAL ,Pantry,1,0,1,0
85354, CITY HARVEST MOBILE MARKET - QUEENSBRIDGE HOUSES ,Pantry,1,0,1,1
85483,EVANGEL FOOD PANTRY ,Pantry,1,0,1,1
84174,IGLESIA ALIANZA MISIONERA EBENEZER ,Pantry,1,0,0,1
83628,ST. RAPHAEL CHURCH FOOD PANTRY ,Pantry,1,0,1,1
85350, CITY HARVEST - ASTORIA MOBILE MARKET ,Pantry,1,0,1,1
80971,THE SALVATION ARMY ASTORIA CORPS ,Pantry,1,0,1,0
84960,HOUR CHILDREN COMMUNITY OUTREACH ,Pantry,1,0,1,0
85744,SAGE CENTER BROOKLYN ,Pantry,1,0,1,0
85743,VINEGAR HILL FOOD PANTRY ,Pantry,1,0,1,0
85553,"BEYOND WALLS, INC ",Pantry,1,0,1,0
87115,BROOKLYN FAITH SDA CHURCH ,Kitchen,0,1,1,0
83274,BROOKLYN FAITH SEVENTH DAY ADVENTIST CHURCH ,Pantry,1,0,1,0
81051,CHRISTIAN FELLOWSHIP SEVENTH DAY ADVENTIST COMMUNITY SVCS-F.P. ,Pantry,1,0,1,0
80241,CHRISTIAN FELLOWSHIP SEVENTH DAY ADVENTIST COMMUNITY SVCS-S.K. ,Kitchen,0,1,1,0
85731,"ELITE LEARNERS, INC ",Pantry,1,0,1,0
80284,GOD'S BATTALION OF PRAYER CHURCH ,Pantry,1,0,1,0
85476,MOUNT CARMEL WORSHIP AND OUTREACH CENTER ,Pantry,1,0,1,0
85711, MUNA SOCIAL SERVICE EAST FLATBUSH ,Pantry,1,0,1,0
85373,PENIEL SEVENTH DAY ADVENTIST CHURCH ,Pantry,1,0,1,0
81156, SHALOM SENIOR CENTER ,Pantry + Kitchen,1,1,1,0
85229,ST. THERESE OF LISIEUX R.C. CHURCH ,Pantry,1,0,1,0
83608,THE CITY OF GRACE INC ,Pantry,1,0,1,0
85139,UNITED COMMUNITY BAPTIST CHURCH ,Kitchen,0,1,0,1
85685, PAYO MOBILE FOOD PANTRY ,Pantry,1,0,1,0
81586,REACHING-OUT COMMUNITY SERVICES INC ,Pantry,1,0,1,0
80382,ST. ATHANASIUS R.C. CHURCH FP ,Pantry,1,0,1,0
85799,CELESTIAL CHURCH OF CHRIST ILERI PARISH ,Pantry,1,0,0,1
85351, CITY HARVEST - BED-STUY MOBILE MARKET ,Pantry,1,0,1,1
82837,COMPASSION HOUSE COMMUNITY DEVELOPMENT CORPORATION ,Pantry,1,0,1,0
85760,"SANTANA & VARGAS CHARITIES, INC ",Pantry,1,0,0,1
81646,SOLID ROCK BAPTIST CHURCH ,Pantry,1,0,1,0
81324,ST. STEPHEN OUTREACH COMMUNITY DEVELOPMENT CORPORATION ,Pantry,1,0,1,0
81412,ST. STEPHEN OUTREACH COMMUNITY DEVELOPMENT CORPORATION ,Kitchen,0,1,1,0
80421,TRINITY HUMAN SERVICE CORPORATION ,Pantry,1,0,1,0
85527,BETHLEM NATION'S FOOD PANTRY ,Pantry,1,0,0,1
84221,CHRISTIAN CULTURAL CENTER ,Pantry,1,0,1,0
84148,CHURCH OF GOD PROPHECY ,Pantry,1,0,1,0
83895,CHURCH OF GOD PROPHECY ,Kitchen,0,1,1,0
82057,CORNERSTONE SEVENTH DAY ADVENTIST CHURCH ,Pantry,1,0,1,0
82058,CORNERSTONE SEVENTH DAY ADVENTIST CHURCH ,Kitchen,0,1,0,1
84137,EAST NEW YORK WESLEYAN CHURCH/NEW HOPE FAMILY WORSHIP CENTER ,Pantry,1,0,0,1
81578,FAMILY SERVICE NETWORK OF N.Y. INC ,Pantry,1,0,1,0
85704,HOPE EMPOWERMENT AND DEVELOPMENT ZONE FOOD PANTRY ,Pantry,1,0,0,1
83514,HOUSE OF DAVID WORSHIP CENTER ,Pantry,1,0,1,0
85683,ICL AND CHN FOOD PANTRY ,Pantry,1,0,1,0
85714, MUNA SOCIAL SERVICE AN-NAMIRAH ,Pantry,1,0,1,0
85819,MYLAH'S ORGANIZATION INC  ,Pantry,1,0,1,0
81272,BLESSED SACRAMENT CHURCH ,Pantry,1,0,1,0
85705,CITY OF REFUGE FP ,Pantry,1,0,1,0
85603,EAST NEW YORK SEVENTH DAY ADVENTIST CHURCH ,Pantry,1,0,1,0
83583,ISAIAH'S TEMPLE OF MT. HOPE ,Pantry,1,0,1,0
83555,ISAIAH'S TEMPLE OF MT. HOPE ,Kitchen,0,1,1,0
83936,LAS MARAVILLAS DEL EXODO ,Pantry,1,0,1,0
85579, MUNA SOCIAL SERVICE INC ,Pantry,1,0,1,0
85299,OPEN DOOR TO HEAVEN OUTREACH MINISTRY INC ,Pantry,1,0,0,1
85227,PRESBYTERIAN CHURCH OF THE CROSSROADS ,Pantry,1,0,1,0
85237,"SECOND ST. PAUL CHURCH OF CHRIST, DISCIPLE OF CHRIST, INC ",Pantry,1,0,0,1
83820,YMCA COMMUNITY MARKET-NORTH BROOKLYN YMCA ,Pantry,1,0,1,0
85684,BRCDC FOOD PROGRAM ,Pantry,1,0,0,1
80341,OUR LADY OF ANGELS HUMAN SERVICES ,Pantry,1,0,1,0
85247,ADMIRABLE CHURCH INC ,Pantry,1,0,0,1
85642,COMMUNITY CARE FOOD PANTRY ,Pantry,1,0,0,1
85550,EVANGELICAL CRUSADE FOOD PANTRY ,Pantry,1,0,1,0
85540,LIFEBRIDGE NY ,Pantry,1,0,1,0
80347,OUR LADY OF REFUGE R.C. CHURCH ,Pantry,1,0,1,0
85506,TREASURES IN EARTHEN JARS FOOD PANTRY ,Pantry,1,0,0,1
83174,"SOUTHSIDE UNITED H.D.F.C., INC - LOS SURES ",Pantry,1,0,1,0
80419,TRANSFIGURATION CHURCH ,Pantry,1,0,1,0
85750,BETHANY GOSPEL CHAPEL INC ,Pantry,1,0,0,1
81987,BROWNSVILLE TEMPLE SEVENTH DAY ADVENTIST CHURCH ,Pantry,1,0,0,1
84002,CHURCH OF GOD INC. ,Pantry,1,0,0,1
80269,EBENEZER SEVENTH DAY ADVENTIST CHURCH ,Pantry,1,0,1,0
84087,HOPE CENTER DEVELOPMENT CORPORATION ,Pantry,1,0,0,1
83941,HOPE CENTER DEVELOPMENT CORPORATION ,Kitchen,0,1,0,1
85262,LITTLE JERUSALEM HOUSE OF PRAYER ,Pantry,1,0,0,1
85148,MT. HEBRON CHURCH OF CHRIST ,Pantry,1,0,0,1
82186,NEW LIFE SEVENTH DAY ADVENTIST CHURCH ,Pantry,1,0,1,1
80345,OUR LADY OF MERCY CHURCH ,Pantry,1,0,1,0
80691,PEOPLES BAPTIST CHURCH ,Pantry,1,0,0,1
83449,URBAN STRATEGIES INC ,Pantry,1,0,1,0
85549,WORLD FOR CHRIST FOOD SERVICES ,Pantry,1,0,0,1
81460,BETHANY UNITED METHODIST CHURCH ,Kitchen,0,1,1,0
85751,BETTER COMMUNITY FOOD PANTRY ,Pantry,1,0,0,1
80260, CROWN HEIGHTS JEWISH COMMUNITY COUNCIL ,Pantry + Kitchen,1,1,1,0
81402, NAT'L COMM. FOR FUTH. OF JEWISH ED.,Pantry + Kitchen,1,1,1,0
84761,THE CHURCH OF ST. MARK ,Pantry,1,0,1,0
83619, BENSONHURST COUNCIL OF JEWISH ORGANIZATIONS ,Pantry + Kitchen,1,1,1,0
85477,HEALTH ESSENTIAL ASSOCIATION CPMM ,Pantry,1,0,1,0
85661,WE CREATE COMMUNITY FOOD PANTRY ,Pantry,1,0,1,0
85798,AL-MADINAH SCHOOL INC ,Pantry,1,0,1,0
85563,CAMP FRIENDSHIP FOOD PANTRY IN PARK SLOPE ,Pantry,1,0,0,1
85182,BEDFORD CENTRAL PRESBYTERIAN CHURCH ,Pantry,1,0,1,0
81308,BEULAH CHURCH OF GOD IN CHRIST JESUS ,Pantry,1,0,1,0
83616,FAMILY LIFE DEVELOPMENT CENTER ,Pantry,1,0,1,0
80291,HEBRON SEVENTH DAY ADVENTIST CHURCH ,Pantry,1,0,1,0
80292,HEBRON SEVENTH DAY ADVENTIST CHURCH ,Kitchen,0,1,0,1
85715, MUNA SOCIAL SERVICE DOWNTOWN BROOKLYN ,Pantry,1,0,1,0
83582,NEWMAN MEMORIAL UNITED CHURCH COMMUNITY DEVELOPMENT CORP. ,Kitchen,0,1,0,1
81514,NEWMAN MEMORIAL UNITED METHODIST CHURCH COMMUNITY DEVELOPMENT ,Pantry,1,0,0,1
81207,SILOAM PRESBYTERIAN CHURCH FOOD PANTRY ,Pantry,1,0,1,0
85250,ST. GEORGE'S EPISCOPAL CHURCH ,Kitchen,0,1,1,0
84230,ST. GEORGE'S EPISCOPAL CHURCH FOOD PANTRY ,Pantry,1,0,1,0
80366,THE SALVATION ARMY BEDFORD TEMPLE CORPS ,Pantry,1,0,1,0
85561,THE TEMPLE OF RESTORATION TTOR FOOD PANTRY ,Pantry,1,0,1,1
81178,COMMUNITY HELP IN PARK SLOPE ,Pantry,1,0,1,1
80236,COMMUNITY HELP IN PARK SLOPE INC ,Kitchen,0,1,1,1
80289,HANSON PLACE SEVENTH DAY ADVENTIST CHURCH ,Pantry,1,0,1,0
83275,IMMANUEL FIRST SPANISH UNITED METHODIST CHURCH ,Pantry,1,0,1,0
80204,NEXT STEP COMMUNITY CHURCH ,Pantry,1,0,0,1
85309,NEXT STEP COMMUNITY CHURCH ,Kitchen,0,1,1,0
83348,SOUTH BKLYN SEVENTH DAY ADVENTIST CHURCH COMMUNITY SERVICE PROGRAM ,Pantry,1,0,0,1
85322,CHRIST APOSTOLIC CHURCH GOKE FOOD PANTRY ,Pantry,1,0,1,1
85716, MUNA SOCIAL SERVICE BROOKLYN ISLAMIC CENTER ,Pantry,1,0,1,0
85802,PASWO ,Pantry,1,0,1,0
83364, TOMCHE SHABBOS OF BORO PARK ,Pantry + Kitchen,1,1,1,0
81699, ZICHRON ACHEINU LEVY-MENACHEM TZION ,Pantry + Kitchen,1,1,1,0
85670,ACADEMY OF MEDICAL & PUBLIC HEALTH SERVICES ,Pantry,1,0,0,1
85742, MUSLIMS GIVE BACK ,Pantry,1,0,0,1
80357,THE SALVATION ARMY SUNSET PARK CORPS ,Pantry,1,0,1,0
83082,THE SALVATION ARMY SUNSET PARK CORPS ,Kitchen,0,1,1,0
85498,THE TABLE AT THE FAMILY SUPPORT CENTER AT NYU LANGONE ,Pantry,1,0,1,0
85695,COLLECTIVE FOCUS FOOD JUSTICE PANTRY PROGRAM ,Pantry,1,0,1,0
83445,"FAITH CENTER FOR HUMAN SERVICES, INC ",Pantry,1,0,0,1
81431,"FAITH CENTER FOR HUMAN SERVICES, INC ",Kitchen,0,1,0,1
85215, METRO MINISTRIES INTERNATIONAL ,Pantry,1,0,0,1
83344,NORTHEAST BROOKLYN HOUSING DEVELOPMENT CORPORATION ,Pantry,1,0,1,1
81065,OPEN DOOR FAMILY LIFE CENTER INC ,Pantry,1,0,0,1
81626,ST. JOHN'S BREAD & LIFE FOOD PANTRY ,Pantry,1,0,1,0
80393,ST. JOHN'S BREAD & LIFE PROGRAM ,Kitchen,0,1,1,0
81057,THE SALVATION ARMY BUSHWICK CORPS ,Pantry,1,0,1,0
80364,THE SALVATION ARMY BUSHWICK CORPS ,Kitchen,0,1,1,0
84354,THURSTON MEMORIAL OUTREACH MINISTRIES ,Pantry,1,0,1,0
85083,GREENPOINT REFORMED CHURCH FOOD PANTRY ,Pantry,1,0,1,0
80343,OUR LADY OF GRACE PARISH MINISTRY ,Pantry,1,0,1,0
83503, OUR LADY OF GRACE PARISH MINISTRY ,Kitchen,0,1,1,0
81564,SALT & SEA MISSION CHURCH INC. ,Pantry,1,0,1,1
84206, SEPHARDIC BIKUR HOLIM FOOD PANTRY ,Pantry + Kitchen,1,1,1,0
84948,ACTS COMMUNITY DEVELOPMENT CORPORATION ,Pantry,1,0,1,0
84664,ACTS COMMUNITY DEVELOPMENT CORPORATION ,Kitchen,0,1,1,0
81317,CATHOLIC CHARITIES ,Pantry,1,0,1,0
85801,KINGDOM GLOBAL MISSIONS ,Pantry,1,0,0,1
81748,CHANCE FOR CHILDREN ,Pantry,1,0,1,0
84151,GETHSEMANE SEVENTH DAY ADVENTIST CHURCH ,Pantry,1,0,1,1
80299,HOREB SEVENTH DAY ADVENTIST COMMUNITY SERVICES ,Pantry,1,0,1,0
85566,LADIES IN WAITING ,Pantry,1,0,1,0
83318,"SANCTIFIED CHURCH OF GOD, INC/COMMUNITY FEEDING PROGRAM ",Pantry,1,0,0,1
85386,BETHANIE FRENCH SEVENTH DAY ADVENTIST CHURCH ,Pantry,1,0,1,0
80336,CALVARY PENTECOSTAL CHURCH ,Pantry,1,0,1,0
87341,CHURCH OF GOD OF SALVATION ,Pantry,1,0,1,0
81479,EMMAUS SEVENTH DAY ADVENTIST CHURCH ,Pantry,1,0,1,0
83444,FERNANDE VALME' MINISTRIES INC ,Pantry,1,0,1,0
82347,FLATBUSH SEVENTH DAY ADVENTIST CHURCH ,Pantry,1,0,1,0
82319,GOSHEN TEMPLE OF SEVENTH DAY ADVENTIST CHURCH ,Pantry,1,0,1,0
80296,HOLY CROSS FOOD PANTRY - BROOKLYN ,Pantry,1,0,1,0
85235,PENIEL HAITIAN CHURCH OF C AND MA ,Pantry,1,0,0,1
85558,ST. MARK'S UNITED METHODIST CHURCH ,Pantry,1,0,1,0
85315,HEALTH ESSENTIAL ASSOCIATION INC ,Pantry,1,0,1,0
80249, KINGS BAY Y FOOD PANTRY ,Pantry + Kitchen,1,1,1,0
85578,BROOKLYN MEAL SHARE  ,Pantry,1,0,0,1
85468, COPO FOOD PANTRY ,Pantry,1,0,1,0
85720, ICNA RELIEF QUBA PANTRY ,Pantry,1,0,1,0
85200, MASBIA OF FLATBUSH ,Pantry + Kitchen,1,1,1,0
85170, MASBIA OF FLATBUSH ,Kitchen,0,1,1,0
85580,PAYO FOOD PANTRY ,Pantry,1,0,1,0
82188,"FOOD FIRST, INC ",Pantry,1,0,1,0
81698,MOVEMENT OF PENTECOSTAL CHRISTIAN CHURCH ,Pantry,1,0,0,1
85667,RED HOOK COMMUNITY - REDEMPTION CHURCH ,Pantry,1,0,1,0
80413,CENTER FOR FAMILY LIFE ,Pantry,1,0,1,0
85346,BLESSED ASSURANCE CHURCH OF GOD BLESSED ASSURANCE CHARITY INC ,Pantry,1,0,0,1
84759,BROOKLYN RESCUE MISSION URBAN HARVEST CENTER INC ,Pantry,1,0,1,0
85293,CHURCH OF PRAISE AND WORSHIP GOD IN CHRIST ,Pantry,1,0,0,1
84189,COMMUNITY SERVICES HOUSING DEVELOPMENT CORP. ,Pantry,1,0,1,0
83907,GLOVER MEMORIAL BREAD OF LIFE FOOD PANTRY ,Pantry,1,0,1,0
83282,"GOD'S DELIVERANCE TEMPLE, INC ",Pantry,1,0,1,0
80332,NEIGHBORS TOGETHER ,Kitchen,0,1,1,0
83913,OPIN ,Kitchen,0,1,1,0
85316,ST. PAUL PENTECOSTAL CHURCH ,Pantry,1,0,0,1
80401,ST. PHILIP'S EPISCOPAL/ST. BENEDICT'S PANTRY ,Pantry,1,0,1,0
82195,TRUE HOLY CHURCH OF GOD IN CHRIST JESUS ,Pantry,1,0,0,1
84982, BNAI RAPHAEL CHESED ORGANIZATION INC ,Pantry + Kitchen,1,1,1,1
85555, FLATBUSH COMMUNITY FUND ,Pantry + Kitchen,1,1,1,0
85606,GRANT HOUSE UNITY CORPORATION ,Pantry,1,0,1,0
85338,MAMRE ENRICHMENT PROGRAM ,Pantry,1,0,0,1
85086, METROPOLITAN COUNCIL ON JEWISH POVERTY ,Pantry + Kitchen,1,1,1,0
85537,APNA FOOD PANTRY BRIGHTON BEACH ,Pantry,1,0,1,0
85763, CHABAD - OCEANVIEW JEWISH CENTER ,Pantry + Kitchen,1,1,1,0
85479, ICNA RELIEF USA FOOD PANTRY ,Pantry,1,0,1,0
85330,BAY VIEW HOUSES RESIDENT ASSOCIATION ,Pantry,1,0,1,0
85276,CHILDREN OF THE LIGHT INTERNATIONAL MINISTRIES INC ,Pantry,1,0,0,1
82296,CHURCH OF GOD ,Pantry,1,0,0,1
85512, HEBREW EDUCATIONAL SOCIETY ,Pantry + Kitchen,1,1,1,1
84103,INTERNATIONAL PENTECOSTAL CITY MISSION ,Pantry,1,0,0,1
82904,OUR LADY OF MIRACLES-CANARSIE CLUSTER CENTER ,Pantry,1,0,0,1
85118,REDEEMED CHRISTIAN CHURCH OF GOD INTERNATIONAL CHAPEL ,Pantry,1,0,0,1
85585,CCC NEW YORK PARISH FOOD PANTRY OUTREACH PROGRAM ,Pantry,1,0,0,1
83811,MAKE THE ROAD NEW YORK ,Pantry,1,0,1,0
83492,BETHEL SEVENTH DAY ADVENTIST CHURCH ,Kitchen,0,1,0,1
81352,CHILD DEVELOPMENT SUPPORT CORPORATION ,Pantry,1,0,1,0
82119,CHURCH OF GOD FEEDING THE HUNGRY ,Pantry,1,0,1,0
80403,ST. TERESA OF AVILA ,Pantry,1,0,1,0
81168,JEWISH COMMUNITY COUNCIL OF CANARSIE #1,Pantry + Kitchen,1,1,1,0
85325,SISTERS WITH PURPOSE INC ,Pantry,1,0,0,1
85581,FOOD SHARING WITH OUR NEIGHBORS PROGRAMS ,Pantry,1,0,1,0
85457, ICNA FLUSHING FOOD PANTRY ,Pantry,1,0,1,0
85383,SOUTH ASIAN COUNCIL FOR SOCIAL SERVICES ,Pantry,1,0,1,0
85774,NEW BEGINNINGS FOOD PANTRY  ,Pantry,1,0,1,0
80941, SAM FIELD Y ,Pantry + Kitchen,1,1,1,0
85467, CHAZAQ ,Pantry + Kitchen,1,1,1,0
84205, KEHILAT SEPHARDIM OF AHAVAT ACHIM ,Pantry + Kitchen,1,1,1,0
80888,CORONA SEVENTH DAY ADVENTIST CHURCH ,Pantry,1,0,0,1
80889,CORONA SEVENTH DAY ADVENTIST CHURCH ,Kitchen,0,1,1,0
85604,IGLESIA CRISTIANA EVANGELICA ,Pantry,1,0,0,1
80936,MT. OLIVET GOSPEL CHURCH ,Pantry,1,0,1,0
81146,NORTHEAST CONFERENCE COMMUNITY CENTER SDA ,Pantry,1,0,1,0
85769,BRIGADA DE ESPERANZA INC ,Pantry,1,0,0,1
83623,FIRST BAPTIST CHURCH ,Kitchen,0,1,1,0
85321,FIRST BAPTIST CHURCH OF CORONA ,Pantry,1,0,0,1
85735,LOVE WINS FOOD PANTRY - MERCADITO SOLIDARIO ,Pantry,1,0,1,0
85425,MAKE THE ROAD NEW YORK ,Pantry,1,0,1,0
85782,MUNA SOCIAL SERVICES - JACKSON HEIGHTS COMMUNITY FOOD BANK ,Pantry,1,0,1,0
85085,ST. MARK AME CHURCH/THE VOICE OF HAGAR ,Pantry,1,0,1,0
80892,THE SALVATION ARMY QUEENS TEMPLE CORP ,Pantry,1,0,1,0
83561,THE SALVATION ARMY QUEENS TEMPLE CORP ,Kitchen,0,1,1,0
83697,BETHANY PANTRY ,Pantry,1,0,0,1
84315,EVANGELICAL CHURCH CHRIST IS THE LIGHT ,Pantry,1,0,1,0
85784,MINISTERIO LA LUZ DE LA ESPERANZA PARA LAS NACIONES DE JESUCRISTO ,Pantry,1,0,1,0
81741, ESTHER GRUNBLATT-CENTRAL QUEENS Y ,Pantry + Kitchen,1,1,0,1
87233,FOREST HILLS SENIORS CENTER ,Pantry,1,0,1,0
85214, MASBIA OF QUEENS ,Pantry + Kitchen,1,1,1,1
85190, MASBIA OF QUEENS ,Kitchen,0,1,1,1
80957, QUEENS JEWISH COMMUNITY COUNCIL ,Pantry + Kitchen,1,1,1,0
84884,AAIDS CENTER OF QUEENS COUNTY ,Pantry,1,0,1,0
84504,BVM/ST. MARY'S CHURCH WINFIELD ,Pantry,1,0,1,0
80891,CORPUS CHRISTI FOOD PANTRY ,Pantry,1,0,1,0
84105,SAINT TERESA CHURCH - SAINT VINCENT DePAUL SOCIETY ,Pantry,1,0,1,0
85535,YESHUA WORLDWIDE MINISTRIES FOOD PANTRY ,Pantry,1,0,1,1
83629,AGAPE CHRISTIAN CENTER ,Pantry,1,0,0,1
85313,COMMUNITY ALLIANCE INITIATIVE ,Pantry,1,0,1,0
85733,MOUNT MORIAH SEVENTH DAY ADVENTIST CHURCH FP ,Pantry,1,0,0,1
85348,THE LEGACY CENTER COMMUNITY DEVELOPMENT CORP ,Pantry,1,0,1,0
85694,WOODBINE ,Pantry,1,0,1,0
85538,MORIAH CITY COMMUNITY FOOD PANTRY ,Pantry,1,0,1,0
85707,RCA CAMBRIA HEIGHTS COMMUNITY CHURCH FP ,Pantry,1,0,0,1
81110,"FIRST CHURCH OF GOD IN CHRIST, INC. ",Pantry,1,0,1,0
85800,FRESH ANOINTING INTERNATIONAL CHARITIES ,Pantry,1,0,1,0
84471,GOSPEL ASSEMBLY - QUEENS ,Pantry,1,0,1,1
84762,"IN THE BEGINNING OUTREACH, INC ",Pantry,1,0,1,0
85551,MAJORITY COMMUNITY OUTREACH ,Pantry,1,0,1,0
85306,SECOND CHANCE AGAPE WORSHIP CENTER ,Pantry,1,0,1,0
84142,ST. ALBANS BAPTIST CHURCH ,Pantry,1,0,0,1
85597,WE CARE PANTRY ,Pantry,1,0,0,1
85725,WORSHIP CHRISTIAN CENTER INC ,Pantry,1,0,1,1
82077,"HOLY TEMPLE CHURCH, INC ",Pantry,1,0,0,1
85264,JAMAICA QUEENS WESLEYAN CHURCH PANTRY ,Pantry,1,0,0,1
83412,LEBANON SEVENTH DAY ADVENTIST CHURCH ,Pantry,1,0,1,0
83999,LINDEN SEVENTH DAY ADVENTIST CHURCH COMMUNITY SERVICES ,Pantry,1,0,0,1
81475,ONE WAY CHURCH OF CHRIST ,Pantry,1,0,0,1
85448,VFW #5298,Pantry,1,0,1,0
80942,OUR LADY OF GRACE MINISTRY ,Pantry,1,0,1,0
81595, PROJECT L.E.A.D. ,Pantry + Kitchen,1,1,0,1
85601,THE OZONE PARK PANTRY ,Pantry,1,0,0,1
85717, MUNA SOCIAL SERVICE BAITUN NOOR MASJID ,Pantry,1,0,1,0
85163, ZION TABERNACLE F.B.H. CHURCH ,Pantry,1,0,1,0
84936,CALVARY'S MISSION ,Pantry,1,0,0,1
83879,ELOHIM CHRISTIAN CHURCH FOOD PANTRY ,Pantry,1,0,1,0
80920,HOLY CHILD JESUS FOOD PANTRY ,Pantry,1,0,1,0
84258,RIVER FUND ,Pantry,1,0,1,1
85745,FAITH ASSEMBLY COMMUNITY OUTREACH ,Pantry,1,0,0,1
83351,DELIVERANCE TEMPLE CHURCH OF JESUS CHRIST ,Pantry,1,0,1,0
82104,LEVITICUS CHURCH ,Pantry,1,0,1,1
81001,ST. TERESA OF AVILA COMMUNITY SERVICES ,Pantry,1,0,1,0
85814,ST. PETERS - YVONNE GITTENS FOOD ,Pantry,1,0,0,1
85022, TAURUS ASSOCIATES INC. ,Pantry,1,0,1,0
82033,BERACA SEVENTH DAY ADVENTIST CHURCH ,Pantry,1,0,1,0
85384,HOLLIS COMMUNITY CHRISTIAN CENTER ,Pantry,1,0,0,1
85323,JESUS IS THE ANSWER - J.I.T.A. COMMUNITY OUTREACH ,Pantry,1,0,0,1
85712, MUNA SOCIAL SERVICE MASJID AR-RAYYAN ,Pantry,1,0,1,0
85221,MOUNT SINAI SEVENTH DAY ADVENTIST CHURCH ,Pantry,1,0,1,0
85444,DIVINE FOOD PANTRY ,Pantry,1,0,1,0
80917,HOLLIS AVENUE CONGREGATIONAL CHURCH ,Pantry,1,0,1,0
85129,HOPE RESTORATION MINISTRIES ,Pantry,1,0,0,1
82976,QUEENSBORO TEMPLE SEVENTH DAY ADVENTIST CHURCH ,Pantry,1,0,1,0
85284," VETS INC, HOLLIS GARDENS ",Pantry,1,0,1,0
80929,AAIDS CENTER OF QUEENS COUNTY ,Pantry,1,0,1,0
85698,ALL MY CHILDREN ,Pantry,1,0,1,0
81453,FIRST PRESBYTERIAN CHURCH OF JAMAICA ,Pantry,1,0,1,1
81450,FIRST PRESBYTERIAN CHURCH OF JAMAICA ,Kitchen,0,1,1,0
80904,FIRST UNITED METHODIST CHURCH OF JAMAICA ,Pantry,1,0,1,0
85122,JAMAICA HISPANIC SEVENTH DAY ADVENTIST CHURCH ,Pantry,1,0,0,1
83296,JAMAICA SEVENTH DAY ADVENTIST CHURCH ,Pantry,1,0,0,1
85759, MASJID OMAR ABDEL AZIZ ,Pantry,1,0,1,0
80997,ST. NICHOLAS OF TOLENTINE CHURCH- F.P. ,Pantry,1,0,1,0
81780,TABERNACLE OF PRAYER ,Pantry,1,0,1,0
80972,THE SALVATION ARMY JAMAICA CITADEL CORPS ,Pantry,1,0,1,0
80973,THE SALVATION ARMY JAMAICA CITADEL CORPS ,Kitchen,0,1,1,0
80866,ALLEN OUTREACH MINISTRY FEEDING PROGRAM ,Pantry,1,0,1,0
83294,BETHANY BAPTIST CHURCH OF JAMAICA ,Pantry,1,0,1,0
81243,BETHEL GOSPEL TABERNACLE CHURCH ,Pantry,1,0,1,0
81148,BETHEL GOSPEL TABERNACLE CHURCH ,Kitchen,0,1,1,0
85726,COMMUNITY CHURCH OF CHRIST FOOD PANTRY ,Pantry,1,0,1,0
82075,MACEDONIA AME CHURCH ,Pantry,1,0,1,0
83457,MACEDONIA AME CHURCH ,Kitchen,0,1,1,0
83567,"THE HARDING FORD VISION, INC ",Pantry,1,0,1,1
85332,CHRIST CHURCH INTERNATIONAL JOSEPH'S HOUSE ,Pantry,1,0,0,1
81648,MARANATHA FRENCH SEVENTH DAY ADVENTIST CHURCH ,Pantry,1,0,0,1
85255,MINISTRY TOOLS INC ,Pantry,1,0,1,0
85288,MORE THAN CONQUERORS GLOBAL MINISTRIES INC ,Pantry,1,0,0,1
84887,NATIONAL SORORITY OF PHI DELTA KAPPA ,Pantry,1,0,1,0
85556,SINGH FAMILY CHARITY INC ,Pantry,1,0,0,1
84140,BLANCHE MEMORIAL CHURCH ,Pantry,1,0,1,0
85157,"CHRIST APOSTOLIC CHURCH OF AMERICA, INC ",Pantry,1,0,0,1
85167, ICNA RELIEF USA ,Pantry,1,0,1,0
83270,MORRIS BROWN HELPING HAND FOOD PROGRAM ,Pantry,1,0,1,0
81558,SOUTH OZONE PARK SEVENTH DAY ADVENTIST CHURCH ,Pantry,1,0,1,0
85546,UNION UNITED FOOD PANTRY ,Pantry,1,0,1,0
85710, MUNA SOCIAL SERVICE SOUTH JAMAICA ,Pantry,1,0,1,0
81733,AAIDS CENTER OF QUEENS COUNTY ,Pantry,1,0,1,0
84182,FIRST PRESBYTERIAN RUSSELL SAGE MEMORIAL CHURCH OF FAR ROCKAWAY ,Pantry,1,0,0,1
82743,J.U.S.T.I.C.E. ORGANIZATION/JESUS IS JUSTICE MISSION INC. ,Pantry,1,0,1,0
80903, JEWISH COMMUNITY COUNCIL OF THE ROCKAWAY PENINSULA ,Pantry + Kitchen,1,1,1,0
85686,QUEENS DEFENDERS NOT FOR PROFIT ,Pantry,1,0,1,0
82054,SOLID ROCK SEVENTH DAY ADVENTIST CHURCH ,Pantry,1,0,1,0
80995,ST. MARY STAR OF THE SEA ,Pantry,1,0,1,0
81151,UNITED METHODIST CENTER IN FAR ROCKAWAY ,Pantry,1,0,1,0
81150,UNITED METHODIST CENTER IN FAR ROCKAWAY ,Kitchen,0,1,1,0
84081,BETHEL AME CHURCH/BETHEL ARVERNE COMM. ,Pantry,1,0,1,0
